transaction_id,customer_id,merchant,amount,transaction_time,location,card_present,currency,is_fraud
tx0,cust0,Amazon,312.35209006370894,2023-01-01,Chicago,False,USD,0
tx1,cust1,Amazon,159.49671509072863,2023-01-02,New York,True,USD,0
tx2,cust2,Target,250.61898893342317,2023-01-03,New York,True,USD,0
tx3,cust3,Walmart,389.6358848717414,2023-01-04,Los Angeles,False,USD,0
tx4,cust4,Walmart,191.07035439989247,2023-01-05,Chicago,True,USD,0
tx5,cust5,Walmart,459.51972869119254,2023-01-06,New York,False,USD,0
tx6,cust6,Target,382.78863845729546,2023-01-07,New York,True,USD,0
tx7,cust7,Amazon,280.240528975565,2023-01-08,Los Angeles,True,USD,0
tx8,cust8,Target,33.058624836217234,2023-01-09,New York,False,USD,0
tx9,cust9,Walmart,451.4589462352359,2023-01-10,New York,False,USD,0
tx10,cust10,Amazon,113.91665765371934,2023-01-11,Los Angeles,False,USD,0
tx11,cust11,Amazon,250.32621021960685,2023-01-12,New York,True,USD,0
tx12,cust12,Amazon,177.64603256699382,2023-01-13,Los Angeles,True,USD,0
tx13,cust13,Target,337.8735495261349,2023-01-14,Chicago,True,USD,0
tx14,cust14,Walmart,256.33962418788064,2023-01-15,New York,False,USD,0
tx15,cust15,Amazon,224.11373887391915,2023-01-16,Chicago,False,USD,0
tx16,cust16,Walmart,57.94825353904101,2023-01-17,Los Angeles,True,USD,1
tx17,cust17,Amazon,45.132557412171174,2023-01-18,Chicago,False,USD,0
tx18,cust18,Amazon,467.89101188004554,2023-01-19,Los Angeles,True,USD,0
tx19,cust19,Target,446.56768336288025,2023-01-20,Los Angeles,False,USD,0
tx20,cust20,Target,72.82526465974922,2023-01-21,Los Angeles,True,USD,0
tx21,cust21,Amazon,222.54272889599963,2023-01-22,Los Angeles,False,USD,0
tx22,cust22,Target,336.2786061426981,2023-01-23,Los Angeles,True,USD,0
tx23,cust23,Walmart,269.03234253163015,2023-01-24,Los Angeles,True,USD,0
tx24,cust24,Target,494.8017796181838,2023-01-25,Los Angeles,False,USD,0
tx25,cust25,Target,292.3765943343023,2023-01-26,Los Angeles,True,USD,0
tx26,cust26,Walmart,451.30192034423754,2023-01-27,Los Angeles,True,USD,0
tx27,cust27,Walmart,159.04166201733085,2023-01-28,New York,True,USD,0
tx28,cust28,Amazon,16.448920153746812,2023-01-29,Los Angeles,False,USD,0
tx29,cust29,Target,279.7816006015557,2023-01-30,Los Angeles,False,USD,0
tx30,cust30,Target,349.6787519070138,2023-01-31,New York,True,USD,0
tx31,cust31,Walmart,269.3213149208785,2023-02-01,Chicago,False,USD,0
tx32,cust32,Target,317.00526256696014,2023-02-02,New York,True,USD,0
tx33,cust33,Amazon,309.8620730581196,2023-02-03,Chicago,False,USD,0
tx34,cust34,Walmart,355.97185632135484,2023-02-04,New York,True,USD,0
tx35,cust35,Walmart,355.1554722251621,2023-02-05,Chicago,True,USD,0
tx36,cust36,Target,45.98169328835961,2023-02-06,Chicago,False,USD,1
tx37,cust37,Amazon,226.74967018268157,2023-02-07,Chicago,True,USD,0
tx38,cust38,Amazon,65.81173586990778,2023-02-08,New York,False,USD,0
tx39,cust39,Amazon,453.20912928936673,2023-02-09,New York,False,USD,0
tx40,cust40,Amazon,23.474731304608596,2023-02-10,Los Angeles,False,USD,0
tx41,cust41,Target,384.5556269297234,2023-02-11,New York,False,USD,0
tx42,cust42,Amazon,395.57350825214655,2023-02-12,Chicago,False,USD,0
tx43,cust43,Walmart,192.78177839264157,2023-02-13,New York,True,USD,0
tx44,cust44,Target,482.615562140594,2023-02-14,Los Angeles,False,USD,0
tx45,cust45,Target,485.02677713324255,2023-02-15,New York,False,USD,0
tx46,cust46,Target,307.84243943227744,2023-02-16,New York,True,USD,0
tx47,cust47,Target,294.766405451648,2023-02-17,Chicago,True,USD,0
tx48,cust48,Walmart,305.5826681054768,2023-02-18,Chicago,True,USD,0
tx49,cust49,Amazon,216.73217075963257,2023-02-19,Chicago,True,USD,1
tx50,cust50,Target,267.99238233244597,2023-02-20,Los Angeles,True,USD,0
tx51,cust51,Amazon,188.8616323170596,2023-02-21,Chicago,True,USD,0
tx52,cust52,Walmart,239.96328529184171,2023-02-22,Los Angeles,True,USD,0
tx53,cust53,Amazon,176.20147885907323,2023-02-23,Los Angeles,True,USD,0
tx54,cust54,Walmart,388.4913428979217,2023-02-24,New York,False,USD,1
tx55,cust55,Walmart,45.39752800249042,2023-02-25,Chicago,False,USD,0
tx56,cust56,Target,371.89760865645064,2023-02-26,Chicago,True,USD,0
tx57,cust57,Amazon,473.1322092775933,2023-02-27,New York,False,USD,0
tx58,cust58,Amazon,209.20176550614207,2023-02-28,Los Angeles,True,USD,0
tx59,cust59,Walmart,276.32954172949115,2023-03-01,Chicago,True,USD,0
tx60,cust60,Walmart,463.5196690812371,2023-03-02,Chicago,False,USD,0
tx61,cust61,Target,261.074657447102,2023-03-03,Los Angeles,False,USD,0
tx62,cust62,Amazon,176.64466017447464,2023-03-04,Chicago,True,USD,0
tx63,cust63,Target,287.1502614331833,2023-03-05,New York,False,USD,0
tx64,cust64,Target,218.23785469680925,2023-03-06,Chicago,False,USD,0
tx65,cust65,Target,28.288121265707623,2023-03-07,Chicago,True,USD,0
tx66,cust66,Walmart,21.458420376306826,2023-03-08,Los Angeles,False,USD,0
tx67,cust67,Target,392.74308355427576,2023-03-09,Chicago,False,USD,0
tx68,cust68,Walmart,423.40895601001483,2023-03-10,Los Angeles,True,USD,0
tx69,cust69,Target,74.20213415746113,2023-03-11,Chicago,False,USD,0
tx70,cust70,Target,327.85944566530236,2023-03-12,New York,False,USD,0
tx71,cust71,Walmart,422.0999690280134,2023-03-13,Chicago,False,USD,0
tx72,cust72,Walmart,346.3505344517464,2023-03-14,Chicago,False,USD,0
tx73,cust73,Walmart,66.590846616383,2023-03-15,Los Angeles,True,USD,0
tx74,cust74,Target,109.12342351888088,2023-03-16,New York,True,USD,0
tx75,cust75,Amazon,477.06942802645915,2023-03-17,New York,False,USD,0
tx76,cust76,Amazon,251.21360185115043,2023-03-18,Chicago,True,USD,0
tx77,cust77,Amazon,419.1577775917564,2023-03-19,New York,True,USD,0
tx78,cust78,Walmart,499.437810682383,2023-03-20,Chicago,False,USD,0
tx79,cust79,Amazon,361.626684964309,2023-03-21,Chicago,False,USD,0
tx80,cust80,Walmart,89.32410049456263,2023-03-22,New York,False,USD,0
tx81,cust81,Walmart,390.5519994841812,2023-03-23,Chicago,True,USD,0
tx82,cust82,Target,333.6258178275972,2023-03-24,New York,True,USD,0
tx83,cust83,Walmart,146.0950385572406,2023-03-25,Los Angeles,False,USD,0
tx84,cust84,Amazon,462.44322420778684,2023-03-26,Chicago,False,USD,0
tx85,cust85,Target,119.73191944873447,2023-03-27,Chicago,False,USD,0
tx86,cust86,Target,81.59012059934527,2023-03-28,New York,True,USD,0
tx87,cust87,Walmart,304.10998335887444,2023-03-29,New York,False,USD,0
tx88,cust88,Target,468.0802372000317,2023-03-30,New York,True,USD,0
tx89,cust89,Amazon,375.0533926692084,2023-03-31,New York,True,USD,0
tx90,cust90,Walmart,472.67758912863036,2023-04-01,Chicago,False,USD,0
tx91,cust91,Walmart,452.76387636869526,2023-04-02,Los Angeles,False,USD,0
tx92,cust92,Walmart,180.27321932907543,2023-04-03,Los Angeles,False,USD,0
tx93,cust93,Walmart,228.1604345101389,2023-04-04,Los Angeles,False,USD,0
tx94,cust94,Amazon,494.1918442468471,2023-04-05,Chicago,False,USD,0
tx95,cust95,Amazon,149.63418080673745,2023-04-06,Chicago,False,USD,0
tx96,cust96,Walmart,201.94977577365444,2023-04-07,Chicago,False,USD,0
tx97,cust97,Target,230.76254502594944,2023-04-08,New York,False,USD,1
tx98,cust98,Amazon,309.05871286044663,2023-04-09,Chicago,False,USD,0
tx99,cust99,Walmart,472.3767522322156,2023-04-10,Chicago,True,USD,0
tx100,cust0,Amazon,19.13945440744357,2023-04-11,Chicago,False,USD,0
tx101,cust1,Target,80.99415512107173,2023-04-12,Los Angeles,False,USD,0
tx102,cust2,Target,68.7071538885277,2023-04-13,New York,True,USD,0
tx103,cust3,Walmart,91.16883390813892,2023-04-14,Los Angeles,False,USD,0
tx104,cust4,Target,488.2189330197858,2023-04-15,Los Angeles,False,USD,0
tx105,cust5,Target,428.3227091386546,2023-04-16,New York,True,USD,0
tx106,cust6,Target,67.41263616048627,2023-04-17,Los Angeles,False,USD,0
tx107,cust7,Target,12.055960418921877,2023-04-18,Chicago,True,USD,0
tx108,cust8,Target,300.2901948651422,2023-04-19,Chicago,True,USD,0
tx109,cust9,Walmart,244.50335580537146,2023-04-20,Chicago,True,USD,0
tx110,cust10,Target,455.93220571473915,2023-04-21,Chicago,True,USD,0
tx111,cust11,Amazon,377.9882116714473,2023-04-22,New York,False,USD,0
tx112,cust12,Amazon,121.92797891586923,2023-04-23,New York,False,USD,0
tx113,cust13,Target,354.2167480299979,2023-04-24,New York,False,USD,0
tx114,cust14,Amazon,385.4664847065795,2023-04-25,Los Angeles,True,USD,0
tx115,cust15,Target,30.25116206641204,2023-04-26,Chicago,True,USD,0
tx116,cust16,Amazon,496.6592156148375,2023-04-27,Los Angeles,True,USD,0
tx117,cust17,Target,412.7268655784937,2023-04-28,New York,True,USD,0
tx118,cust18,Walmart,351.9154079312971,2023-04-29,Los Angeles,False,USD,1
tx119,cust19,Target,224.54234545865194,2023-04-30,Chicago,True,USD,0
tx120,cust20,Amazon,212.0032153808337,2023-05-01,Chicago,True,USD,0
tx121,cust21,Walmart,98.95287507911362,2023-05-02,Los Angeles,False,USD,0
tx122,cust22,Target,113.62069204414917,2023-05-03,Los Angeles,True,USD,0
tx123,cust23,Walmart,58.687618499285854,2023-05-04,New York,True,USD,0
tx124,cust24,Walmart,196.29638169429847,2023-05-05,Chicago,True,USD,0
tx125,cust25,Walmart,103.78681741071607,2023-05-06,Los Angeles,False,USD,0
tx126,cust26,Walmart,483.8971303481817,2023-05-07,Los Angeles,False,USD,0
tx127,cust27,Amazon,211.1622462856018,2023-05-08,Chicago,False,USD,0
tx128,cust28,Target,384.955697452241,2023-05-09,Chicago,False,USD,1
tx129,cust29,Target,363.7692730199462,2023-05-10,Los Angeles,False,USD,0
tx130,cust30,Target,87.84639782983926,2023-05-11,Los Angeles,True,USD,0
tx131,cust31,Walmart,167.48814247618685,2023-05-12,New York,False,USD,0
tx132,cust32,Amazon,485.2075139477274,2023-05-13,New York,True,USD,0
tx133,cust33,Walmart,386.5466141820044,2023-05-14,New York,False,USD,0
tx134,cust34,Target,304.1182139824232,2023-05-15,Los Angeles,True,USD,0
tx135,cust35,Target,212.16081742801745,2023-05-16,Chicago,True,USD,0
tx136,cust36,Target,430.0917785763662,2023-05-17,New York,False,USD,0
tx137,cust37,Amazon,18.5092781357034,2023-05-18,New York,False,USD,0
tx138,cust38,Walmart,178.3668657448552,2023-05-19,New York,True,USD,0
tx139,cust39,Amazon,186.953576786283,2023-05-20,New York,False,USD,0
tx140,cust40,Walmart,158.83877601336346,2023-05-21,Chicago,False,USD,0
tx141,cust41,Target,51.282156669131695,2023-05-22,New York,True,USD,0
tx142,cust42,Amazon,281.3291735055741,2023-05-23,Chicago,False,USD,0
tx143,cust43,Target,12.97371385027963,2023-05-24,Chicago,False,USD,0
tx144,cust44,Target,85.20374112172689,2023-05-25,Chicago,True,USD,0
tx145,cust45,Amazon,198.46304488114376,2023-05-26,Los Angeles,False,USD,0
tx146,cust46,Target,425.2430331137655,2023-05-27,Chicago,False,USD,0
tx147,cust47,Amazon,107.93090408041273,2023-05-28,New York,True,USD,0
tx148,cust48,Amazon,131.8815167658053,2023-05-29,Los Angeles,True,USD,0
tx149,cust49,Walmart,132.63059527793513,2023-05-30,Los Angeles,True,USD,0
tx150,cust50,Walmart,218.9734388957533,2023-05-31,New York,True,USD,0
tx151,cust51,Amazon,172.18724181567634,2023-06-01,Los Angeles,False,USD,0
tx152,cust52,Target,326.92575973331367,2023-06-02,Chicago,False,USD,0
tx153,cust53,Amazon,198.90026238670416,2023-06-03,Los Angeles,True,USD,0
tx154,cust54,Walmart,346.03739124851865,2023-06-04,Chicago,True,USD,0
tx155,cust55,Target,451.1383409637967,2023-06-05,New York,True,USD,0
tx156,cust56,Walmart,351.15909755261595,2023-06-06,New York,False,USD,0
tx157,cust57,Amazon,276.85811467912555,2023-06-07,Los Angeles,True,USD,0
tx158,cust58,Walmart,412.22527044418194,2023-06-08,New York,True,USD,0
tx159,cust59,Walmart,459.6749465141976,2023-06-09,New York,True,USD,0
tx160,cust60,Walmart,468.7219313006911,2023-06-10,Los Angeles,True,USD,0
tx161,cust61,Amazon,408.8474509571245,2023-06-11,New York,True,USD,0
tx162,cust62,Walmart,206.4433139154654,2023-06-12,New York,True,USD,0
tx163,cust63,Target,420.54968257822577,2023-06-13,Chicago,False,USD,0
tx164,cust64,Walmart,421.7309216123988,2023-06-14,New York,True,USD,0
tx165,cust65,Amazon,275.6294496637226,2023-06-15,Los Angeles,True,USD,0
tx166,cust66,Amazon,343.73781153288206,2023-06-16,Chicago,True,USD,0
tx167,cust67,Target,318.0938803385994,2023-06-17,New York,True,USD,0
tx168,cust68,Walmart,132.01200472175356,2023-06-18,Chicago,True,USD,0
tx169,cust69,Target,169.59477674699406,2023-06-19,Chicago,True,USD,0
tx170,cust70,Target,461.2088996949633,2023-06-20,New York,True,USD,0
tx171,cust71,Amazon,448.497849695667,2023-06-21,Los Angeles,False,USD,0
tx172,cust72,Target,235.46496273636387,2023-06-22,Chicago,False,USD,0
tx173,cust73,Amazon,251.20533409601086,2023-06-23,Chicago,False,USD,0
tx174,cust74,Amazon,76.847334964963,2023-06-24,Chicago,True,USD,0
tx175,cust75,Target,12.246045262281577,2023-06-25,New York,False,USD,0
tx176,cust76,Walmart,305.1949647330108,2023-06-26,Los Angeles,False,USD,0
tx177,cust77,Walmart,11.09747478429298,2023-06-27,New York,True,USD,0
tx178,cust78,Target,189.79239359335108,2023-06-28,New York,False,USD,0
tx179,cust79,Walmart,354.0240333377627,2023-06-29,New York,False,USD,0
tx180,cust80,Walmart,348.6088778098926,2023-06-30,Los Angeles,True,USD,0
tx181,cust81,Target,236.22466654972936,2023-07-01,Chicago,True,USD,0
tx182,cust82,Walmart,22.43481612699154,2023-07-02,Los Angeles,False,USD,0
tx183,cust83,Target,418.98299305452775,2023-07-03,Los Angeles,True,USD,0
tx184,cust84,Walmart,117.92863415494274,2023-07-04,Chicago,False,USD,0
tx185,cust85,Target,28.525695566624673,2023-07-05,New York,True,USD,0
tx186,cust86,Walmart,437.9816120212876,2023-07-06,New York,True,USD,0
tx187,cust87,Walmart,245.8339299169166,2023-07-07,New York,True,USD,0
tx188,cust88,Walmart,347.3221917604281,2023-07-08,New York,False,USD,1
tx189,cust89,Amazon,458.225542718796,2023-07-09,New York,False,USD,0
tx190,cust90,Amazon,191.97003367454894,2023-07-10,Los Angeles,True,USD,0
tx191,cust91,Target,101.47436751811188,2023-07-11,New York,True,USD,0
tx192,cust92,Amazon,331.8565284484316,2023-07-12,Los Angeles,False,USD,0
tx193,cust93,Walmart,155.13273776981458,2023-07-13,Los Angeles,True,USD,0
tx194,cust94,Target,285.64910523356735,2023-07-14,New York,False,USD,0
tx195,cust95,Amazon,83.83446217214556,2023-07-15,New York,True,USD,0
tx196,cust96,Walmart,334.13157476201235,2023-07-16,Los Angeles,True,USD,0
tx197,cust97,Amazon,119.0120659285769,2023-07-17,New York,True,USD,0
tx198,cust98,Walmart,343.6755337161121,2023-07-18,Chicago,False,USD,0
tx199,cust99,Walmart,18.41493223006686,2023-07-19,New York,True,USD,0
tx200,cust0,Walmart,171.9391636242406,2023-07-20,Los Angeles,False,USD,0
tx201,cust1,Walmart,227.5911022626205,2023-07-21,New York,True,USD,0
tx202,cust2,Walmart,322.8516848518791,2023-07-22,Los Angeles,True,USD,0
tx203,cust3,Amazon,175.87682355710297,2023-07-23,Chicago,False,USD,0
tx204,cust4,Target,182.92414206058135,2023-07-24,New York,False,USD,0
tx205,cust5,Target,397.90973958211384,2023-07-25,Los Angeles,False,USD,0
tx206,cust6,Amazon,229.199926831079,2023-07-26,New York,False,USD,0
tx207,cust7,Walmart,464.08695593761786,2023-07-27,Los Angeles,False,USD,0
tx208,cust8,Target,141.9829837635179,2023-07-28,New York,False,USD,0
tx209,cust9,Walmart,219.85352874444763,2023-07-29,New York,True,USD,1
tx210,cust10,Amazon,464.8696909913407,2023-07-30,Los Angeles,False,USD,0
tx211,cust11,Amazon,167.84000022645895,2023-07-31,Los Angeles,False,USD,0
tx212,cust12,Walmart,465.67966489585143,2023-08-01,Los Angeles,False,USD,0
tx213,cust13,Walmart,106.54363293351715,2023-08-02,Chicago,False,USD,0
tx214,cust14,Target,478.6408993179478,2023-08-03,New York,True,USD,0
tx215,cust15,Walmart,394.53987646380637,2023-08-04,New York,True,USD,0
tx216,cust16,Target,172.97475382355012,2023-08-05,Chicago,False,USD,0
tx217,cust17,Target,32.26766175830893,2023-08-06,Los Angeles,False,USD,0
tx218,cust18,Target,378.5832393194907,2023-08-07,New York,True,USD,1
tx219,cust19,Target,80.39028139533026,2023-08-08,New York,False,USD,0
tx220,cust20,Walmart,375.6678461027317,2023-08-09,Chicago,False,USD,0
tx221,cust21,Amazon,474.2012699445367,2023-08-10,Chicago,False,USD,0
tx222,cust22,Amazon,146.76956173463392,2023-08-11,Los Angeles,False,USD,0
tx223,cust23,Walmart,416.9859732321064,2023-08-12,New York,False,USD,0
tx224,cust24,Amazon,185.00150566022626,2023-08-13,Chicago,False,USD,0
tx225,cust25,Amazon,190.10246229028067,2023-08-14,Chicago,True,USD,0
tx226,cust26,Target,460.07970336603057,2023-08-15,Los Angeles,False,USD,0
tx227,cust27,Amazon,148.72173917784883,2023-08-16,Los Angeles,False,USD,0
tx228,cust28,Amazon,199.0967116971121,2023-08-17,New York,True,USD,0
tx229,cust29,Walmart,309.1354881361666,2023-08-18,Chicago,True,USD,0
tx230,cust30,Amazon,298.84039413267885,2023-08-19,Los Angeles,False,USD,0
tx231,cust31,Walmart,54.72955804566184,2023-08-20,Los Angeles,True,USD,0
tx232,cust32,Target,279.1211878972311,2023-08-21,Los Angeles,True,USD,0
tx233,cust33,Walmart,145.58504027268154,2023-08-22,New York,False,USD,0
tx234,cust34,Target,236.59397892642886,2023-08-23,Los Angeles,True,USD,0
tx235,cust35,Walmart,58.471830206706,2023-08-24,Chicago,False,USD,0
tx236,cust36,Target,17.409172447168086,2023-08-25,Los Angeles,False,USD,0
tx237,cust37,Walmart,114.3621963170121,2023-08-26,New York,False,USD,0
tx238,cust38,Walmart,318.89136112288793,2023-08-27,New York,True,USD,0
tx239,cust39,Target,77.20920883690539,2023-08-28,New York,True,USD,0
tx240,cust40,Target,53.50987313761363,2023-08-29,New York,True,USD,0
tx241,cust41,Target,459.48416273581523,2023-08-30,Chicago,True,USD,0
tx242,cust42,Walmart,302.4454979611228,2023-08-31,Chicago,True,USD,0
tx243,cust43,Target,434.25449290114324,2023-09-01,New York,True,USD,0
tx244,cust44,Amazon,120.27357539780918,2023-09-02,Chicago,False,USD,0
tx245,cust45,Amazon,75.70991338678185,2023-09-03,New York,True,USD,0
tx246,cust46,Walmart,369.8504013990071,2023-09-04,Los Angeles,False,USD,0
tx247,cust47,Amazon,247.95237571792586,2023-09-05,Chicago,False,USD,0
tx248,cust48,Walmart,232.27279570287425,2023-09-06,Los Angeles,True,USD,0
tx249,cust49,Target,287.95418526192043,2023-09-07,Chicago,False,USD,0
tx250,cust50,Walmart,395.78072306818467,2023-09-08,New York,False,USD,1
tx251,cust51,Target,119.56281018657721,2023-09-09,Chicago,False,USD,0
tx252,cust52,Walmart,135.796913499571,2023-09-10,New York,True,USD,0
tx253,cust53,Target,12.40177460891027,2023-09-11,Chicago,True,USD,0
tx254,cust54,Target,225.75435703389417,2023-09-12,Chicago,True,USD,0
tx255,cust55,Amazon,228.93557562725007,2023-09-13,New York,False,USD,0
tx256,cust56,Walmart,311.866037590107,2023-09-14,Chicago,True,USD,0
tx257,cust57,Target,389.90314048794255,2023-09-15,Los Angeles,True,USD,0
tx258,cust58,Walmart,13.743939708644916,2023-09-16,Chicago,True,USD,0
tx259,cust59,Amazon,464.6551443614009,2023-09-17,Chicago,False,USD,0
tx260,cust60,Target,437.7297872731013,2023-09-18,Chicago,True,USD,0
tx261,cust61,Walmart,322.076293941048,2023-09-19,Los Angeles,True,USD,0
tx262,cust62,Target,301.87046920233763,2023-09-20,Chicago,False,USD,0
tx263,cust63,Walmart,40.37309935558231,2023-09-21,New York,False,USD,0
tx264,cust64,Amazon,391.12932993351495,2023-09-22,Chicago,True,USD,0
tx265,cust65,Target,93.05789646698825,2023-09-23,Los Angeles,False,USD,0
tx266,cust66,Walmart,180.8690151654261,2023-09-24,New York,False,USD,0
tx267,cust67,Walmart,409.1121095112788,2023-09-25,Chicago,True,USD,0
tx268,cust68,Walmart,321.42780763324646,2023-09-26,New York,True,USD,0
tx269,cust69,Target,287.3846093063845,2023-09-27,Chicago,False,USD,0
tx270,cust70,Walmart,367.6383043718602,2023-09-28,Los Angeles,False,USD,0
tx271,cust71,Target,165.6508814751831,2023-09-29,Chicago,False,USD,0
tx272,cust72,Target,453.1120371204174,2023-09-30,Chicago,True,USD,0
tx273,cust73,Walmart,465.07275818045474,2023-10-01,New York,True,USD,0
tx274,cust74,Amazon,398.2208189569657,2023-10-02,New York,False,USD,0
tx275,cust75,Walmart,17.982458368068002,2023-10-03,New York,True,USD,0
tx276,cust76,Walmart,293.99226928756445,2023-10-04,New York,True,USD,0
tx277,cust77,Amazon,341.4853113768843,2023-10-05,New York,True,USD,0
tx278,cust78,Walmart,264.15088361433516,2023-10-06,New York,True,USD,0
tx279,cust79,Walmart,186.87212590720006,2023-10-07,Los Angeles,False,USD,0
tx280,cust80,Amazon,136.2559337689637,2023-10-08,Los Angeles,True,USD,0
tx281,cust81,Target,398.62468749260313,2023-10-09,Chicago,True,USD,0
tx282,cust82,Amazon,273.584684002238,2023-10-10,Los Angeles,False,USD,0
tx283,cust83,Amazon,291.0423039165211,2023-10-11,Chicago,False,USD,0
tx284,cust84,Target,266.3465238245523,2023-10-12,Chicago,False,USD,0
tx285,cust85,Amazon,489.81918384805397,2023-10-13,Chicago,False,USD,0
tx286,cust86,Walmart,268.79216610638844,2023-10-14,New York,False,USD,0
tx287,cust87,Walmart,370.68051053487704,2023-10-15,Chicago,True,USD,0
tx288,cust88,Target,333.9051645510692,2023-10-16,Los Angeles,True,USD,0
tx289,cust89,Walmart,168.7326813238554,2023-10-17,Los Angeles,True,USD,0
tx290,cust90,Target,22.260951458275343,2023-10-18,Chicago,False,USD,0
tx291,cust91,Walmart,219.0759489248291,2023-10-19,Los Angeles,False,USD,0
tx292,cust92,Walmart,73.65956510052308,2023-10-20,New York,False,USD,0
tx293,cust93,Walmart,483.5099554111125,2023-10-21,Chicago,True,USD,0
tx294,cust94,Amazon,413.37304015443385,2023-10-22,New York,False,USD,0
tx295,cust95,Amazon,131.36296379640527,2023-10-23,New York,True,USD,0
tx296,cust96,Amazon,39.596941620724174,2023-10-24,New York,False,USD,0
tx297,cust97,Amazon,274.8288906288528,2023-10-25,New York,True,USD,0
tx298,cust98,Target,388.36648792059503,2023-10-26,New York,True,USD,1
tx299,cust99,Walmart,344.5911931262108,2023-10-27,Los Angeles,False,USD,0
tx300,cust0,Target,400.7752284487453,2023-10-28,Los Angeles,False,USD,0
tx301,cust1,Amazon,483.52290327602583,2023-10-29,New York,True,USD,0
tx302,cust2,Target,317.752816603339,2023-10-30,New York,True,USD,0
tx303,cust3,Amazon,50.38222637314419,2023-10-31,Los Angeles,False,USD,0
tx304,cust4,Amazon,52.13805100260218,2023-11-01,Chicago,True,USD,0
tx305,cust5,Target,192.14890772457062,2023-11-02,New York,False,USD,0
tx306,cust6,Amazon,284.95095997222785,2023-11-03,Chicago,False,USD,0
tx307,cust7,Walmart,12.257480300364307,2023-11-04,New York,True,USD,0
tx308,cust8,Walmart,218.20109024700653,2023-11-05,Los Angeles,False,USD,0
tx309,cust9,Walmart,90.84823720637053,2023-11-06,Chicago,True,USD,0
tx310,cust10,Target,123.2977962281428,2023-11-07,Chicago,True,USD,0
tx311,cust11,Walmart,270.5829137985523,2023-11-08,Chicago,False,USD,1
tx312,cust12,Walmart,122.07543793661911,2023-11-09,New York,True,USD,0
tx313,cust13,Walmart,237.54014124264936,2023-11-10,Chicago,True,USD,0
tx314,cust14,Amazon,370.601920950836,2023-11-11,Chicago,True,USD,0
tx315,cust15,Amazon,342.80328518475204,2023-11-12,Chicago,False,USD,0
tx316,cust16,Walmart,219.87606129135693,2023-11-13,Chicago,True,USD,0
tx317,cust17,Walmart,497.53015489247474,2023-11-14,Chicago,True,USD,0
tx318,cust18,Target,158.8520433614248,2023-11-15,Los Angeles,False,USD,0
tx319,cust19,Target,130.48650849891902,2023-11-16,Los Angeles,False,USD,0
tx320,cust20,Walmart,387.41968445034587,2023-11-17,Chicago,False,USD,0
tx321,cust21,Walmart,415.2190935531388,2023-11-18,New York,False,USD,0
tx322,cust22,Walmart,393.98777248814554,2023-11-19,Chicago,False,USD,0
tx323,cust23,Amazon,171.03253463982276,2023-11-20,Los Angeles,True,USD,0
tx324,cust24,Walmart,40.583288210513274,2023-11-21,Chicago,True,USD,0
tx325,cust25,Amazon,163.174818102443,2023-11-22,New York,False,USD,0
tx326,cust26,Target,396.23384726931323,2023-11-23,Chicago,False,USD,0
tx327,cust27,Amazon,377.51235698028114,2023-11-24,Los Angeles,True,USD,1
tx328,cust28,Amazon,135.994543495255,2023-11-25,Los Angeles,False,USD,0
tx329,cust29,Target,43.0856990848892,2023-11-26,Los Angeles,False,USD,0
tx330,cust30,Target,75.35072354259319,2023-11-27,New York,False,USD,0
tx331,cust31,Walmart,82.7238591139846,2023-11-28,New York,True,USD,0
tx332,cust32,Walmart,269.4180504193546,2023-11-29,New York,True,USD,0
tx333,cust33,Amazon,384.9745998953646,2023-11-30,Chicago,True,USD,0
tx334,cust34,Target,305.6556408018526,2023-12-01,New York,False,USD,0
tx335,cust35,Target,241.5473082365028,2023-12-02,New York,False,USD,0
tx336,cust36,Amazon,116.57765788869575,2023-12-03,New York,False,USD,0
tx337,cust37,Target,418.182704914891,2023-12-04,Los Angeles,True,USD,0
tx338,cust38,Walmart,184.94533588755235,2023-12-05,New York,False,USD,0
tx339,cust39,Walmart,247.92811143977215,2023-12-06,Los Angeles,False,USD,0
tx340,cust40,Amazon,181.26463095935296,2023-12-07,Chicago,False,USD,0
tx341,cust41,Amazon,392.592075744338,2023-12-08,Los Angeles,False,USD,0
tx342,cust42,Amazon,363.4820244984865,2023-12-09,New York,True,USD,0
tx343,cust43,Amazon,29.05377346387281,2023-12-10,New York,False,USD,0
tx344,cust44,Target,119.90559194460475,2023-12-11,New York,True,USD,0
tx345,cust45,Target,432.41044096558613,2023-12-12,Los Angeles,True,USD,0
tx346,cust46,Amazon,93.52873033040343,2023-12-13,Chicago,True,USD,0
tx347,cust47,Amazon,419.4450268327501,2023-12-14,New York,True,USD,0
tx348,cust48,Target,467.480207468042,2023-12-15,New York,True,USD,0
tx349,cust49,Target,243.9142082834403,2023-12-16,Los Angeles,False,USD,0
tx350,cust50,Amazon,445.7427794588202,2023-12-17,New York,False,USD,0
tx351,cust51,Walmart,29.422697138224372,2023-12-18,Los Angeles,False,USD,0
tx352,cust52,Target,457.2298430189757,2023-12-19,New York,False,USD,0
tx353,cust53,Walmart,218.90872267230634,2023-12-20,Los Angeles,False,USD,0
tx354,cust54,Amazon,441.59062873587686,2023-12-21,Chicago,True,USD,0
tx355,cust55,Amazon,347.4353374548529,2023-12-22,Chicago,True,USD,0
tx356,cust56,Amazon,63.052530744072875,2023-12-23,New York,False,USD,0
tx357,cust57,Amazon,171.82111597728388,2023-12-24,Los Angeles,False,USD,0
tx358,cust58,Walmart,197.03750843829405,2023-12-25,Los Angeles,True,USD,0
tx359,cust59,Walmart,480.8753807586262,2023-12-26,Chicago,False,USD,0
tx360,cust60,Amazon,318.35824147028023,2023-12-27,Chicago,False,USD,0
tx361,cust61,Target,357.73756529179354,2023-12-28,New York,False,USD,1
tx362,cust62,Walmart,89.93674686989571,2023-12-29,Chicago,True,USD,0
tx363,cust63,Target,37.85362204244147,2023-12-30,New York,True,USD,0
tx364,cust64,Walmart,362.3779509325105,2023-12-31,Los Angeles,True,USD,0
tx365,cust65,Amazon,90.50657534309804,2024-01-01,Chicago,False,USD,0
tx366,cust66,Amazon,20.204063448744066,2024-01-02,Chicago,False,USD,0
tx367,cust67,Target,32.74113788189413,2024-01-03,Chicago,False,USD,0
tx368,cust68,Walmart,30.838501295269403,2024-01-04,New York,True,USD,0
tx369,cust69,Target,63.123476681436586,2024-01-05,Los Angeles,False,USD,1
tx370,cust70,Walmart,395.3517505679681,2024-01-06,Chicago,False,USD,0
tx371,cust71,Walmart,178.54342619171985,2024-01-07,New York,False,USD,0
tx372,cust72,Walmart,474.351745088804,2024-01-08,Chicago,True,USD,0
tx373,cust73,Target,56.090399756049095,2024-01-09,Chicago,False,USD,0
tx374,cust74,Amazon,352.0211409645378,2024-01-10,New York,False,USD,0
tx375,cust75,Target,306.8911507515093,2024-01-11,Los Angeles,False,USD,0
tx376,cust76,Target,442.13496273239633,2024-01-12,Los Angeles,False,USD,0
tx377,cust77,Walmart,429.3807255612005,2024-01-13,Chicago,True,USD,0
tx378,cust78,Target,422.7768960514435,2024-01-14,Chicago,False,USD,0
tx379,cust79,Walmart,75.92105075918185,2024-01-15,New York,False,USD,0
tx380,cust80,Target,469.78066959705995,2024-01-16,New York,True,USD,0
tx381,cust81,Target,268.04865508180984,2024-01-17,New York,False,USD,0
tx382,cust82,Amazon,170.73817844052567,2024-01-18,Chicago,False,USD,0
tx383,cust83,Walmart,258.2969665307879,2024-01-19,Los Angeles,False,USD,1
tx384,cust84,Target,156.7566131551611,2024-01-20,Los Angeles,False,USD,0
tx385,cust85,Walmart,130.51276164793475,2024-01-21,New York,False,USD,0
tx386,cust86,Amazon,182.34597637854696,2024-01-22,Chicago,True,USD,0
tx387,cust87,Walmart,264.0084735219597,2024-01-23,Los Angeles,True,USD,1
tx388,cust88,Amazon,99.4906075192194,2024-01-24,New York,True,USD,0
tx389,cust89,Amazon,24.905766764456374,2024-01-25,Los Angeles,True,USD,0
tx390,cust90,Amazon,391.4298781546664,2024-01-26,New York,True,USD,1
tx391,cust91,Target,471.43356323411035,2024-01-27,Los Angeles,False,USD,0
tx392,cust92,Amazon,459.7849280040976,2024-01-28,New York,False,USD,0
tx393,cust93,Target,129.10041037401885,2024-01-29,Los Angeles,False,USD,0
tx394,cust94,Walmart,272.87299625239785,2024-01-30,Chicago,False,USD,0
tx395,cust95,Walmart,312.5021473938289,2024-01-31,New York,True,USD,0
tx396,cust96,Amazon,235.1535191323089,2024-02-01,Chicago,True,USD,0
tx397,cust97,Amazon,276.7357768888591,2024-02-02,Chicago,True,USD,0
tx398,cust98,Target,345.09368202758384,2024-02-03,Los Angeles,False,USD,0
tx399,cust99,Target,190.82825539829517,2024-02-04,Los Angeles,False,USD,0
tx400,cust0,Walmart,214.4202451466404,2024-02-05,New York,True,USD,0
tx401,cust1,Target,329.0378715575332,2024-02-06,New York,False,USD,0
tx402,cust2,Walmart,131.5329448931085,2024-02-07,New York,True,USD,0
tx403,cust3,Amazon,194.88523409510475,2024-02-08,Los Angeles,False,USD,0
tx404,cust4,Amazon,474.1876852941492,2024-02-09,Chicago,False,USD,0
tx405,cust5,Target,396.44409685571463,2024-02-10,Los Angeles,True,USD,0
tx406,cust6,Target,80.40635670307297,2024-02-11,Los Angeles,False,USD,0
tx407,cust7,Target,196.0709885602627,2024-02-12,New York,True,USD,0
tx408,cust8,Amazon,114.75151391302529,2024-02-13,Chicago,True,USD,0
tx409,cust9,Target,371.9511484579917,2024-02-14,New York,False,USD,0
tx410,cust10,Target,402.746745942149,2024-02-15,New York,False,USD,0
tx411,cust11,Walmart,405.9206723234525,2024-02-16,New York,False,USD,0
tx412,cust12,Walmart,276.27306196633555,2024-02-17,New York,True,USD,0
tx413,cust13,Target,205.80910816635438,2024-02-18,New York,True,USD,0
tx414,cust14,Target,494.9595372670957,2024-02-19,New York,False,USD,0
tx415,cust15,Amazon,323.0081324964039,2024-02-20,New York,False,USD,0
tx416,cust16,Amazon,466.833487972662,2024-02-21,Los Angeles,False,USD,0
tx417,cust17,Amazon,253.59391398563383,2024-02-22,New York,False,USD,0
tx418,cust18,Amazon,272.3473997553272,2024-02-23,New York,False,USD,0
tx419,cust19,Walmart,131.3782287608993,2024-02-24,Chicago,False,USD,0
tx420,cust20,Amazon,367.4448306379061,2024-02-25,New York,True,USD,0
tx421,cust21,Amazon,37.134379369605284,2024-02-26,New York,True,USD,1
tx422,cust22,Amazon,220.83533635564692,2024-02-27,Los Angeles,True,USD,0
tx423,cust23,Walmart,462.49495391391525,2024-02-28,Los Angeles,False,USD,0
tx424,cust24,Amazon,283.09505570612043,2024-02-29,Chicago,True,USD,0
tx425,cust25,Amazon,380.1990109937602,2024-03-01,New York,False,USD,0
tx426,cust26,Walmart,355.7915908112752,2024-03-02,New York,True,USD,0
tx427,cust27,Walmart,277.85098792383127,2024-03-03,Chicago,True,USD,0
tx428,cust28,Amazon,352.72999730507155,2024-03-04,Chicago,False,USD,0
tx429,cust29,Walmart,386.6159252437394,2024-03-05,New York,False,USD,0
tx430,cust30,Target,52.583562100532916,2024-03-06,Los Angeles,True,USD,0
tx431,cust31,Amazon,482.9402806857822,2024-03-07,Chicago,False,USD,0
tx432,cust32,Amazon,408.410632502453,2024-03-08,Los Angeles,False,USD,0
tx433,cust33,Amazon,168.94392472562626,2024-03-09,Chicago,False,USD,0
tx434,cust34,Amazon,456.9804412841064,2024-03-10,New York,False,USD,0
tx435,cust35,Target,20.509766682196645,2024-03-11,New York,False,USD,0
tx436,cust36,Amazon,462.7203620375819,2024-03-12,Los Angeles,True,USD,0
tx437,cust37,Walmart,366.2252772932699,2024-03-13,Los Angeles,True,USD,0
tx438,cust38,Amazon,286.0281925118063,2024-03-14,Chicago,False,USD,0
tx439,cust39,Target,125.97304251577077,2024-03-15,New York,True,USD,0
tx440,cust40,Walmart,214.2723668515954,2024-03-16,Los Angeles,True,USD,0
tx441,cust41,Walmart,438.7387093441043,2024-03-17,Los Angeles,True,USD,0
tx442,cust42,Target,38.28833394333394,2024-03-18,New York,True,USD,0
tx443,cust43,Amazon,320.9279615000129,2024-03-19,New York,False,USD,0
tx444,cust44,Amazon,265.36912392318396,2024-03-20,New York,False,USD,0
tx445,cust45,Amazon,54.15626604361155,2024-03-21,New York,True,USD,0
tx446,cust46,Target,331.91162315225256,2024-03-22,Los Angeles,False,USD,0
tx447,cust47,Amazon,272.0592195675252,2024-03-23,Chicago,True,USD,0
tx448,cust48,Target,94.46439911442609,2024-03-24,New York,True,USD,0
tx449,cust49,Amazon,103.00925407240665,2024-03-25,Los Angeles,False,USD,0
tx450,cust50,Target,181.94243720190636,2024-03-26,New York,True,USD,0
tx451,cust51,Amazon,109.89439104688722,2024-03-27,Chicago,True,USD,0
tx452,cust52,Target,47.67595403654525,2024-03-28,Chicago,True,USD,0
tx453,cust53,Walmart,39.63782962168245,2024-03-29,Chicago,False,USD,0
tx454,cust54,Walmart,141.63137030187866,2024-03-30,Los Angeles,True,USD,0
tx455,cust55,Amazon,229.83780010387045,2024-03-31,New York,False,USD,0
tx456,cust56,Walmart,91.29987272918437,2024-04-01,New York,True,USD,0
tx457,cust57,Walmart,479.36971644354026,2024-04-02,Chicago,False,USD,0
tx458,cust58,Target,211.6469955969481,2024-04-03,Chicago,False,USD,0
tx459,cust59,Target,466.99742545098826,2024-04-04,Chicago,True,USD,0
tx460,cust60,Walmart,217.4590214677933,2024-04-05,Chicago,False,USD,0
tx461,cust61,Amazon,230.92659503041233,2024-04-06,New York,False,USD,0
tx462,cust62,Walmart,70.43660354626601,2024-04-07,Los Angeles,False,USD,0
tx463,cust63,Amazon,93.56930756059383,2024-04-08,Los Angeles,False,USD,0
tx464,cust64,Amazon,20.71574202182578,2024-04-09,New York,True,USD,0
tx465,cust65,Amazon,423.8755985040384,2024-04-10,Chicago,False,USD,0
tx466,cust66,Walmart,75.02196483627617,2024-04-11,Chicago,False,USD,0
tx467,cust67,Walmart,403.807970974679,2024-04-12,New York,True,USD,0
tx468,cust68,Walmart,90.59944539107438,2024-04-13,Los Angeles,False,USD,0
tx469,cust69,Amazon,393.4614845592348,2024-04-14,Los Angeles,False,USD,0
tx470,cust70,Walmart,204.11008724860713,2024-04-15,Los Angeles,True,USD,0
tx471,cust71,Amazon,143.26083788265106,2024-04-16,New York,False,USD,0
tx472,cust72,Walmart,446.4480477140979,2024-04-17,Chicago,True,USD,0
tx473,cust73,Amazon,261.2549956686935,2024-04-18,Chicago,True,USD,0
tx474,cust74,Target,126.66934597457336,2024-04-19,New York,False,USD,0
tx475,cust75,Target,92.75897869167575,2024-04-20,Chicago,False,USD,0
tx476,cust76,Target,460.4440045034624,2024-04-21,Chicago,False,USD,0
tx477,cust77,Target,260.48086354143663,2024-04-22,Chicago,False,USD,0
tx478,cust78,Amazon,157.75009592745917,2024-04-23,Los Angeles,True,USD,0
tx479,cust79,Target,160.233436223436,2024-04-24,Chicago,False,USD,0
tx480,cust80,Amazon,160.18568316642435,2024-04-25,Chicago,True,USD,0
tx481,cust81,Walmart,316.2525916311943,2024-04-26,New York,False,USD,0
tx482,cust82,Amazon,217.98033303349223,2024-04-27,Los Angeles,False,USD,0
tx483,cust83,Target,175.8248085951773,2024-04-28,New York,True,USD,0
tx484,cust84,Target,351.7427990454762,2024-04-29,New York,False,USD,0
tx485,cust85,Walmart,323.22017139916414,2024-04-30,New York,True,USD,0
tx486,cust86,Target,194.91182625861856,2024-05-01,Los Angeles,False,USD,0
tx487,cust87,Walmart,293.1633097848597,2024-05-02,Chicago,False,USD,0
tx488,cust88,Walmart,389.7881076141976,2024-05-03,New York,False,USD,0
tx489,cust89,Walmart,400.8086706036769,2024-05-04,Los Angeles,False,USD,0
tx490,cust90,Target,98.29954227782645,2024-05-05,Chicago,False,USD,0
tx491,cust91,Target,413.4506170286801,2024-05-06,Los Angeles,False,USD,0
tx492,cust92,Target,378.9967346070234,2024-05-07,Chicago,False,USD,0
tx493,cust93,Walmart,444.22687533162116,2024-05-08,Los Angeles,True,USD,0
tx494,cust94,Walmart,97.13439097643838,2024-05-09,Chicago,True,USD,0
tx495,cust95,Walmart,300.12940299486246,2024-05-10,Los Angeles,False,USD,0
tx496,cust96,Walmart,13.662637454123523,2024-05-11,Chicago,True,USD,0
tx497,cust97,Target,242.13978118196687,2024-05-12,Los Angeles,True,USD,0
tx498,cust98,Target,133.7858664856725,2024-05-13,Los Angeles,True,USD,0
tx499,cust99,Amazon,276.18134951323026,2024-05-14,Los Angeles,True,USD,0
tx500,cust0,Amazon,25.740925681287393,2024-05-15,New York,False,USD,0
tx501,cust1,Walmart,316.42310303493065,2024-05-16,Chicago,True,USD,0
tx502,cust2,Target,189.68429912479118,2024-05-17,New York,False,USD,1
tx503,cust3,Amazon,414.3089128413892,2024-05-18,New York,False,USD,0
tx504,cust4,Walmart,344.55770008314494,2024-05-19,New York,True,USD,0
tx505,cust5,Amazon,443.09363971985175,2024-05-20,Chicago,False,USD,0
tx506,cust6,Walmart,488.3133758216331,2024-05-21,Chicago,False,USD,0
tx507,cust7,Amazon,32.483919698311425,2024-05-22,New York,True,USD,0
tx508,cust8,Walmart,137.77725781802948,2024-05-23,New York,True,USD,0
tx509,cust9,Target,318.49444814758624,2024-05-24,Los Angeles,False,USD,0
tx510,cust10,Target,309.41061008325187,2024-05-25,Los Angeles,True,USD,0
tx511,cust11,Amazon,259.7405629649313,2024-05-26,New York,False,USD,0
tx512,cust12,Target,419.9553597652517,2024-05-27,Los Angeles,True,USD,0
tx513,cust13,Walmart,152.28605705560364,2024-05-28,Chicago,True,USD,0
tx514,cust14,Amazon,15.273262368202527,2024-05-29,Los Angeles,False,USD,0
tx515,cust15,Amazon,224.81017520046424,2024-05-30,New York,True,USD,0
tx516,cust16,Amazon,240.07827537764035,2024-05-31,Los Angeles,True,USD,0
tx517,cust17,Amazon,49.00414903595015,2024-06-01,Los Angeles,True,USD,0
tx518,cust18,Amazon,44.286015326773025,2024-06-02,Chicago,True,USD,0
tx519,cust19,Target,44.305524218969005,2024-06-03,Los Angeles,True,USD,0
tx520,cust20,Amazon,425.03962722869625,2024-06-04,New York,False,USD,0
tx521,cust21,Walmart,477.5292746096201,2024-06-05,New York,False,USD,1
tx522,cust22,Walmart,206.86593729045953,2024-06-06,New York,True,USD,0
tx523,cust23,Walmart,214.12461669940677,2024-06-07,Los Angeles,False,USD,0
tx524,cust24,Walmart,35.9000844857584,2024-06-08,Chicago,True,USD,0
tx525,cust25,Target,36.33136712646798,2024-06-09,New York,True,USD,0
tx526,cust26,Target,319.0470097664259,2024-06-10,Chicago,True,USD,0
tx527,cust27,Walmart,380.35515598126636,2024-06-11,New York,False,USD,0
tx528,cust28,Amazon,260.29161085658245,2024-06-12,Chicago,True,USD,0
tx529,cust29,Amazon,408.09537767901503,2024-06-13,Chicago,False,USD,0
tx530,cust30,Target,97.75179306905127,2024-06-14,Los Angeles,False,USD,0
tx531,cust31,Walmart,46.806230691500744,2024-06-15,Chicago,False,USD,0
tx532,cust32,Walmart,417.6592981985153,2024-06-16,Los Angeles,False,USD,0
tx533,cust33,Walmart,311.03667568683437,2024-06-17,Chicago,True,USD,0
tx534,cust34,Walmart,24.927013278568708,2024-06-18,Los Angeles,True,USD,0
tx535,cust35,Target,117.33240181504367,2024-06-19,New York,False,USD,0
tx536,cust36,Walmart,204.42745532740398,2024-06-20,Los Angeles,True,USD,0
tx537,cust37,Target,188.90881896676922,2024-06-21,Chicago,False,USD,0
tx538,cust38,Walmart,104.59825159674828,2024-06-22,Los Angeles,True,USD,0
tx539,cust39,Walmart,444.5493792350026,2024-06-23,Chicago,True,USD,0
tx540,cust40,Amazon,332.0596308285296,2024-06-24,Chicago,False,USD,0
tx541,cust41,Walmart,382.6243140443584,2024-06-25,New York,True,USD,1
tx542,cust42,Walmart,359.7155843885505,2024-06-26,Chicago,False,USD,0
tx543,cust43,Amazon,305.38115968082167,2024-06-27,New York,True,USD,0
tx544,cust44,Target,146.68343558339737,2024-06-28,Los Angeles,True,USD,0
tx545,cust45,Amazon,66.74631494008034,2024-06-29,Los Angeles,True,USD,0
tx546,cust46,Target,20.675779874495845,2024-06-30,Chicago,False,USD,0
tx547,cust47,Amazon,214.73408789409723,2024-07-01,Los Angeles,False,USD,0
tx548,cust48,Target,66.18216134178613,2024-07-02,Los Angeles,False,USD,0
tx549,cust49,Amazon,452.32730308185614,2024-07-03,Chicago,False,USD,0
tx550,cust50,Walmart,457.9523647002256,2024-07-04,Los Angeles,False,USD,0
tx551,cust51,Amazon,316.4929443048026,2024-07-05,Los Angeles,False,USD,0
tx552,cust52,Walmart,444.40068020989077,2024-07-06,Los Angeles,True,USD,0
tx553,cust53,Target,367.01915939086877,2024-07-07,New York,True,USD,0
tx554,cust54,Amazon,122.65417909270838,2024-07-08,Los Angeles,True,USD,0
tx555,cust55,Walmart,420.58909801893464,2024-07-09,New York,True,USD,0
tx556,cust56,Target,166.023892921029,2024-07-10,Chicago,True,USD,0
tx557,cust57,Walmart,380.4053413726896,2024-07-11,New York,True,USD,0
tx558,cust58,Walmart,158.7629929685898,2024-07-12,Chicago,True,USD,0
tx559,cust59,Amazon,480.7810166279324,2024-07-13,Los Angeles,False,USD,0
tx560,cust60,Target,364.4323704125245,2024-07-14,New York,False,USD,0
tx561,cust61,Target,369.45349253437627,2024-07-15,Chicago,False,USD,0
tx562,cust62,Walmart,269.35048345149386,2024-07-16,Chicago,False,USD,1
tx563,cust63,Target,168.55685299343244,2024-07-17,New York,False,USD,0
tx564,cust64,Amazon,199.21804638458607,2024-07-18,New York,False,USD,0
tx565,cust65,Target,98.04016686024535,2024-07-19,Los Angeles,False,USD,0
tx566,cust66,Target,371.50259885143373,2024-07-20,New York,False,USD,0
tx567,cust67,Walmart,259.8737277189848,2024-07-21,Chicago,False,USD,0
tx568,cust68,Walmart,351.699937380121,2024-07-22,Los Angeles,False,USD,0
tx569,cust69,Walmart,83.3860161593402,2024-07-23,Los Angeles,True,USD,0
tx570,cust70,Target,173.261321256592,2024-07-24,Los Angeles,False,USD,0
tx571,cust71,Amazon,281.6427883577242,2024-07-25,Chicago,True,USD,0
tx572,cust72,Walmart,223.8487582583193,2024-07-26,New York,True,USD,0
tx573,cust73,Target,355.65447103764296,2024-07-27,New York,False,USD,0
tx574,cust74,Walmart,274.54409567566915,2024-07-28,Los Angeles,False,USD,0
tx575,cust75,Walmart,400.9187270237906,2024-07-29,Chicago,False,USD,0
tx576,cust76,Target,94.40339969576,2024-07-30,Los Angeles,True,USD,0
tx577,cust77,Amazon,158.58093551749946,2024-07-31,Chicago,True,USD,1
tx578,cust78,Amazon,87.28822759985921,2024-08-01,Chicago,True,USD,0
tx579,cust79,Amazon,305.54598264867775,2024-08-02,Los Angeles,True,USD,0
tx580,cust80,Target,127.13828893381456,2024-08-03,Los Angeles,True,USD,0
tx581,cust81,Walmart,220.25825791586416,2024-08-04,Los Angeles,False,USD,0
tx582,cust82,Amazon,450.7767717466726,2024-08-05,Los Angeles,True,USD,0
tx583,cust83,Amazon,35.67501953680039,2024-08-06,New York,True,USD,0
tx584,cust84,Walmart,475.5281903116035,2024-08-07,Los Angeles,True,USD,0
tx585,cust85,Amazon,402.8184845533897,2024-08-08,Los Angeles,True,USD,0
tx586,cust86,Amazon,145.11732272999285,2024-08-09,Chicago,False,USD,0
tx587,cust87,Target,79.23934170156488,2024-08-10,New York,False,USD,0
tx588,cust88,Walmart,363.79267237636515,2024-08-11,Los Angeles,False,USD,0
tx589,cust89,Target,242.1643315228759,2024-08-12,Chicago,False,USD,0
tx590,cust90,Walmart,27.089054704088536,2024-08-13,Chicago,False,USD,0
tx591,cust91,Amazon,423.66051218671004,2024-08-14,Los Angeles,True,USD,0
tx592,cust92,Walmart,310.9466969588358,2024-08-15,Chicago,False,USD,1
tx593,cust93,Walmart,359.61470413220025,2024-08-16,Chicago,True,USD,0
tx594,cust94,Target,198.1004376731669,2024-08-17,New York,True,USD,0
tx595,cust95,Target,406.7483826108929,2024-08-18,Chicago,True,USD,0
tx596,cust96,Amazon,181.30124025222878,2024-08-19,Chicago,False,USD,0
tx597,cust97,Target,66.44779251736188,2024-08-20,Chicago,False,USD,0
tx598,cust98,Walmart,37.10529461726172,2024-08-21,New York,False,USD,0
tx599,cust99,Target,408.87553921611135,2024-08-22,Los Angeles,False,USD,0
tx600,cust0,Amazon,14.400622486199168,2024-08-23,New York,True,USD,0
tx601,cust1,Target,158.70967329620476,2024-08-24,New York,True,USD,0
tx602,cust2,Amazon,359.7399754088385,2024-08-25,Chicago,False,USD,0
tx603,cust3,Walmart,250.52664087464103,2024-08-26,Chicago,False,USD,0
tx604,cust4,Target,170.99232113744003,2024-08-27,Chicago,False,USD,0
tx605,cust5,Amazon,220.54125573664345,2024-08-28,Chicago,True,USD,0
tx606,cust6,Amazon,12.047735735874175,2024-08-29,New York,True,USD,0
tx607,cust7,Target,474.5668618985574,2024-08-30,New York,True,USD,0
tx608,cust8,Target,481.15040668670457,2024-08-31,New York,True,USD,0
tx609,cust9,Target,173.0505021889082,2024-09-01,New York,True,USD,0
tx610,cust10,Amazon,410.0070550523706,2024-09-02,Los Angeles,False,USD,0
tx611,cust11,Walmart,109.8430748158528,2024-09-03,Chicago,False,USD,0
tx612,cust12,Target,331.4088130154692,2024-09-04,New York,True,USD,1
tx613,cust13,Amazon,174.44153313449232,2024-09-05,Los Angeles,True,USD,0
tx614,cust14,Amazon,176.75591254144075,2024-09-06,New York,True,USD,0
tx615,cust15,Walmart,121.99082601669487,2024-09-07,Chicago,False,USD,0
tx616,cust16,Target,211.56333367606325,2024-09-08,New York,True,USD,0
tx617,cust17,Walmart,285.7735527183261,2024-09-09,New York,True,USD,0
tx618,cust18,Amazon,108.79422230665621,2024-09-10,New York,True,USD,0
tx619,cust19,Walmart,29.96784137094643,2024-09-11,New York,False,USD,0
tx620,cust20,Walmart,264.8719611263103,2024-09-12,New York,True,USD,0
tx621,cust21,Walmart,449.12849191606523,2024-09-13,New York,False,USD,0
tx622,cust22,Amazon,144.9557447706575,2024-09-14,New York,True,USD,0
tx623,cust23,Walmart,135.19881780270106,2024-09-15,New York,False,USD,0
tx624,cust24,Target,351.90466921708037,2024-09-16,Chicago,True,USD,0
tx625,cust25,Walmart,282.06644451000494,2024-09-17,Chicago,True,USD,0
tx626,cust26,Walmart,97.54570526760054,2024-09-18,Los Angeles,True,USD,0
tx627,cust27,Amazon,393.1232810436594,2024-09-19,Chicago,True,USD,0
tx628,cust28,Target,408.55634368357215,2024-09-20,Los Angeles,True,USD,0
tx629,cust29,Amazon,279.10949217935377,2024-09-21,Los Angeles,True,USD,0
tx630,cust30,Walmart,313.7234529432319,2024-09-22,Chicago,False,USD,0
tx631,cust31,Amazon,419.4485967262691,2024-09-23,Chicago,False,USD,0
tx632,cust32,Walmart,394.1589038964585,2024-09-24,New York,False,USD,0
tx633,cust33,Target,377.9652040961088,2024-09-25,Los Angeles,True,USD,1
tx634,cust34,Amazon,489.1470856466114,2024-09-26,New York,False,USD,0
tx635,cust35,Amazon,18.32292765252724,2024-09-27,Chicago,True,USD,0
tx636,cust36,Walmart,138.46798848482467,2024-09-28,New York,False,USD,0
tx637,cust37,Walmart,492.47237999391285,2024-09-29,Los Angeles,True,USD,0
tx638,cust38,Walmart,70.16295862986254,2024-09-30,New York,True,USD,0
tx639,cust39,Walmart,478.5121890191053,2024-10-01,New York,False,USD,0
tx640,cust40,Walmart,325.6097950479193,2024-10-02,New York,False,USD,0
tx641,cust41,Target,82.86380138338188,2024-10-03,Chicago,True,USD,0
tx642,cust42,Walmart,238.6924098643889,2024-10-04,Los Angeles,False,USD,0
tx643,cust43,Target,235.41451634399527,2024-10-05,New York,False,USD,0
tx644,cust44,Amazon,113.60649766934128,2024-10-06,Los Angeles,True,USD,0
tx645,cust45,Walmart,28.906601509407206,2024-10-07,Los Angeles,False,USD,0
tx646,cust46,Amazon,384.8264629397681,2024-10-08,Chicago,False,USD,0
tx647,cust47,Walmart,327.9367394979474,2024-10-09,Chicago,False,USD,0
tx648,cust48,Amazon,199.4204666132231,2024-10-10,Chicago,False,USD,0
tx649,cust49,Target,475.14374614434394,2024-10-11,Los Angeles,False,USD,0
tx650,cust50,Walmart,392.052828879985,2024-10-12,New York,False,USD,0
tx651,cust51,Amazon,133.13513399082768,2024-10-13,New York,True,USD,0
tx652,cust52,Walmart,431.0449334250098,2024-10-14,Los Angeles,False,USD,0
tx653,cust53,Walmart,485.71915875587337,2024-10-15,Chicago,True,USD,0
tx654,cust54,Walmart,225.9211274419789,2024-10-16,Los Angeles,False,USD,0
tx655,cust55,Amazon,43.145633601100435,2024-10-17,New York,False,USD,0
tx656,cust56,Amazon,341.0848901432856,2024-10-18,Chicago,True,USD,0
tx657,cust57,Target,331.9806151055936,2024-10-19,New York,False,USD,0
tx658,cust58,Walmart,168.94743767416244,2024-10-20,Los Angeles,True,USD,0
tx659,cust59,Amazon,218.62977507773886,2024-10-21,Los Angeles,True,USD,0
tx660,cust60,Target,226.51300597888732,2024-10-22,Chicago,False,USD,0
tx661,cust61,Amazon,283.4751123361204,2024-10-23,Los Angeles,True,USD,0
tx662,cust62,Target,162.61739045328142,2024-10-24,New York,True,USD,0
tx663,cust63,Amazon,335.5094678674258,2024-10-25,New York,False,USD,0
tx664,cust64,Walmart,237.5967850760359,2024-10-26,Los Angeles,False,USD,0
tx665,cust65,Walmart,133.3961654246,2024-10-27,Chicago,True,USD,0
tx666,cust66,Walmart,79.15239381567456,2024-10-28,New York,True,USD,0
tx667,cust67,Target,25.223722836978578,2024-10-29,Los Angeles,True,USD,0
tx668,cust68,Walmart,177.83951115168685,2024-10-30,Los Angeles,True,USD,0
tx669,cust69,Walmart,319.0420795826258,2024-10-31,Chicago,True,USD,0
tx670,cust70,Walmart,150.20691925383807,2024-11-01,Los Angeles,False,USD,0
tx671,cust71,Target,153.2985898468756,2024-11-02,New York,False,USD,0
tx672,cust72,Walmart,213.2905462716053,2024-11-03,Los Angeles,False,USD,0
tx673,cust73,Walmart,30.14377905835509,2024-11-04,New York,False,USD,0
tx674,cust74,Target,378.1132739447651,2024-11-05,Chicago,False,USD,0
tx675,cust75,Amazon,468.1361562318681,2024-11-06,Chicago,True,USD,0
tx676,cust76,Target,25.38969188093749,2024-11-07,Chicago,True,USD,0
tx677,cust77,Walmart,311.35800966087027,2024-11-08,Chicago,True,USD,0
tx678,cust78,Target,226.17596961987286,2024-11-09,Chicago,False,USD,0
tx679,cust79,Walmart,117.14446645183854,2024-11-10,New York,False,USD,0
tx680,cust80,Walmart,327.1436031960867,2024-11-11,Chicago,True,USD,0
tx681,cust81,Amazon,279.4815858990227,2024-11-12,Los Angeles,True,USD,0
tx682,cust82,Target,70.85063288228483,2024-11-13,Chicago,False,USD,0
tx683,cust83,Target,163.77698646372852,2024-11-14,Los Angeles,True,USD,0
tx684,cust84,Amazon,254.6065448688616,2024-11-15,Los Angeles,False,USD,0
tx685,cust85,Target,39.092057548829786,2024-11-16,New York,False,USD,0
tx686,cust86,Target,265.17508883775037,2024-11-17,Chicago,False,USD,0
tx687,cust87,Target,175.90180413708424,2024-11-18,New York,False,USD,0
tx688,cust88,Walmart,370.7918622965244,2024-11-19,Los Angeles,False,USD,0
tx689,cust89,Target,294.11467177361993,2024-11-20,New York,False,USD,0
tx690,cust90,Walmart,84.76874565242473,2024-11-21,New York,False,USD,0
tx691,cust91,Target,12.855991193465446,2024-11-22,New York,True,USD,0
tx692,cust92,Walmart,85.55405911399156,2024-11-23,Chicago,False,USD,0
tx693,cust93,Walmart,239.8079458355954,2024-11-24,New York,True,USD,0
tx694,cust94,Target,49.59136600347492,2024-11-25,Chicago,True,USD,0
tx695,cust95,Amazon,209.55642200734002,2024-11-26,Chicago,True,USD,0
tx696,cust96,Target,23.016161375862488,2024-11-27,New York,False,USD,0
tx697,cust97,Target,434.28498701621817,2024-11-28,Chicago,False,USD,1
tx698,cust98,Amazon,363.5336900425188,2024-11-29,New York,True,USD,0
tx699,cust99,Amazon,437.42269804457106,2024-11-30,New York,True,USD,0
tx700,cust0,Walmart,169.40023506641785,2024-12-01,Chicago,False,USD,0
tx701,cust1,Target,300.15177627271095,2024-12-02,Los Angeles,False,USD,0
tx702,cust2,Target,302.0067842478587,2024-12-03,Chicago,True,USD,0
tx703,cust3,Amazon,263.80842098910523,2024-12-04,Chicago,True,USD,0
tx704,cust4,Amazon,386.02522718789703,2024-12-05,Chicago,True,USD,0
tx705,cust5,Amazon,43.46918027892212,2024-12-06,New York,True,USD,0
tx706,cust6,Target,404.47617867041714,2024-12-07,New York,True,USD,0
tx707,cust7,Target,358.7462953724495,2024-12-08,Chicago,False,USD,0
tx708,cust8,Target,463.91506272735325,2024-12-09,Los Angeles,False,USD,0
tx709,cust9,Walmart,404.45864013754317,2024-12-10,New York,False,USD,0
tx710,cust10,Target,32.93382069595059,2024-12-11,New York,False,USD,0
tx711,cust11,Walmart,161.53083975388654,2024-12-12,New York,False,USD,0
tx712,cust12,Walmart,396.16454359966787,2024-12-13,Los Angeles,True,USD,0
tx713,cust13,Amazon,193.42322424132078,2024-12-14,Chicago,False,USD,0
tx714,cust14,Walmart,187.66812292106303,2024-12-15,Chicago,True,USD,0
tx715,cust15,Walmart,200.24107579102392,2024-12-16,Los Angeles,False,USD,0
tx716,cust16,Walmart,296.68045298459907,2024-12-17,Chicago,True,USD,0
tx717,cust17,Walmart,468.55182678634316,2024-12-18,New York,True,USD,1
tx718,cust18,Amazon,181.4736031604458,2024-12-19,Los Angeles,False,USD,1
tx719,cust19,Amazon,46.082363569912104,2024-12-20,Los Angeles,True,USD,0
tx720,cust20,Amazon,409.83919541368255,2024-12-21,New York,False,USD,0
tx721,cust21,Target,204.45420184653645,2024-12-22,Los Angeles,True,USD,0
tx722,cust22,Amazon,436.77233307667865,2024-12-23,Los Angeles,True,USD,0
tx723,cust23,Amazon,288.3368824282536,2024-12-24,Los Angeles,True,USD,0
tx724,cust24,Walmart,198.57188764863554,2024-12-25,New York,True,USD,0
tx725,cust25,Target,394.1914992865211,2024-12-26,Chicago,True,USD,0
tx726,cust26,Walmart,225.3192629184519,2024-12-27,New York,False,USD,0
tx727,cust27,Amazon,208.81957026267798,2024-12-28,New York,False,USD,0
tx728,cust28,Amazon,88.00074895246996,2024-12-29,New York,False,USD,1
tx729,cust29,Amazon,125.09819707034654,2024-12-30,Los Angeles,False,USD,0
tx730,cust30,Amazon,326.01980992815595,2024-12-31,Los Angeles,False,USD,0
tx731,cust31,Walmart,104.25030857906307,2025-01-01,New York,True,USD,0
tx732,cust32,Amazon,347.5695862313304,2025-01-02,Los Angeles,True,USD,0
tx733,cust33,Walmart,404.0402455749391,2025-01-03,Chicago,True,USD,0
tx734,cust34,Target,162.84607433978363,2025-01-04,Chicago,False,USD,0
tx735,cust35,Target,477.6624200228027,2025-01-05,Chicago,False,USD,0
tx736,cust36,Amazon,108.94612302040657,2025-01-06,Los Angeles,True,USD,0
tx737,cust37,Target,56.2865838778066,2025-01-07,Los Angeles,True,USD,0
tx738,cust38,Amazon,53.24271261365557,2025-01-08,Chicago,True,USD,0
tx739,cust39,Walmart,137.45457898524114,2025-01-09,Los Angeles,True,USD,0
tx740,cust40,Target,499.7025526836677,2025-01-10,New York,False,USD,0
tx741,cust41,Walmart,164.7814191251002,2025-01-11,New York,False,USD,0
tx742,cust42,Walmart,342.55207692707734,2025-01-12,Los Angeles,True,USD,0
tx743,cust43,Walmart,355.4034691676096,2025-01-13,Chicago,False,USD,0
tx744,cust44,Walmart,263.7785154047823,2025-01-14,Chicago,True,USD,0
tx745,cust45,Walmart,325.09635887953283,2025-01-15,Los Angeles,True,USD,0
tx746,cust46,Target,114.5948140056949,2025-01-16,Chicago,True,USD,0
tx747,cust47,Target,448.9426752159797,2025-01-17,Chicago,False,USD,0
tx748,cust48,Target,241.7107034398372,2025-01-18,New York,True,USD,0
tx749,cust49,Target,165.81474008628376,2025-01-19,Los Angeles,False,USD,0
tx750,cust50,Walmart,82.50181373342441,2025-01-20,Chicago,False,USD,0
tx751,cust51,Walmart,268.1284991332631,2025-01-21,New York,False,USD,0
tx752,cust52,Target,74.22104694949097,2025-01-22,Los Angeles,True,USD,0
tx753,cust53,Amazon,352.9136099626617,2025-01-23,Chicago,False,USD,0
tx754,cust54,Walmart,340.51388769802344,2025-01-24,Los Angeles,False,USD,0
tx755,cust55,Amazon,169.06096394357323,2025-01-25,Los Angeles,True,USD,0
tx756,cust56,Target,19.611702948114633,2025-01-26,New York,False,USD,0
tx757,cust57,Amazon,163.7141104107672,2025-01-27,Chicago,True,USD,0
tx758,cust58,Amazon,267.0271593879093,2025-01-28,Chicago,False,USD,0
tx759,cust59,Target,489.5594345284297,2025-01-29,Chicago,False,USD,0
tx760,cust60,Walmart,36.357994299265485,2025-01-30,Los Angeles,True,USD,0
tx761,cust61,Amazon,434.43689461638,2025-01-31,New York,False,USD,0
tx762,cust62,Target,23.002276157545282,2025-02-01,New York,True,USD,0
tx763,cust63,Walmart,326.4691300693737,2025-02-02,Los Angeles,False,USD,0
tx764,cust64,Target,115.31687164201276,2025-02-03,Los Angeles,False,USD,0
tx765,cust65,Walmart,122.1627773394471,2025-02-04,New York,True,USD,0
tx766,cust66,Amazon,436.72203924201676,2025-02-05,Los Angeles,True,USD,0
tx767,cust67,Amazon,304.9671952330952,2025-02-06,Los Angeles,True,USD,0
tx768,cust68,Amazon,44.34643791995754,2025-02-07,Los Angeles,True,USD,0
tx769,cust69,Amazon,74.49874704322465,2025-02-08,Chicago,False,USD,0
tx770,cust70,Walmart,376.3242292709542,2025-02-09,Los Angeles,False,USD,0
tx771,cust71,Target,425.6173109530718,2025-02-10,Los Angeles,True,USD,0
tx772,cust72,Target,244.26629883273426,2025-02-11,Chicago,False,USD,1
tx773,cust73,Amazon,28.654270999495647,2025-02-12,Chicago,False,USD,0
tx774,cust74,Amazon,269.3778416937063,2025-02-13,Los Angeles,False,USD,0
tx775,cust75,Target,258.2721689888387,2025-02-14,Los Angeles,False,USD,0
tx776,cust76,Target,23.919348058044424,2025-02-15,New York,False,USD,0
tx777,cust77,Walmart,215.4521887959253,2025-02-16,Chicago,False,USD,0
tx778,cust78,Walmart,49.93675003231857,2025-02-17,New York,False,USD,0
tx779,cust79,Amazon,349.5582444211537,2025-02-18,New York,True,USD,0
tx780,cust80,Target,289.1782794374,2025-02-19,Los Angeles,True,USD,0
tx781,cust81,Amazon,83.48336260479921,2025-02-20,New York,False,USD,0
tx782,cust82,Target,276.396511586121,2025-02-21,Los Angeles,True,USD,0
tx783,cust83,Target,84.34813834956829,2025-02-22,Los Angeles,True,USD,0
tx784,cust84,Amazon,457.7720029742176,2025-02-23,Chicago,False,USD,0
tx785,cust85,Walmart,445.67607599190666,2025-02-24,New York,True,USD,0
tx786,cust86,Amazon,401.9146851886442,2025-02-25,New York,False,USD,0
tx787,cust87,Target,181.3419016161573,2025-02-26,Chicago,True,USD,0
tx788,cust88,Amazon,45.33657585243561,2025-02-27,New York,True,USD,0
tx789,cust89,Target,466.73213294318504,2025-02-28,New York,True,USD,0
tx790,cust90,Walmart,499.9380759950175,2025-03-01,New York,True,USD,0
tx791,cust91,Target,495.8229126717106,2025-03-02,New York,False,USD,1
tx792,cust92,Amazon,373.6342493455257,2025-03-03,Los Angeles,False,USD,0
tx793,cust93,Walmart,423.95620601953584,2025-03-04,Los Angeles,False,USD,0
tx794,cust94,Amazon,162.99064006786855,2025-03-05,Chicago,False,USD,1
tx795,cust95,Target,367.4594296361416,2025-03-06,New York,True,USD,0
tx796,cust96,Amazon,364.30790482415523,2025-03-07,New York,False,USD,0
tx797,cust97,Walmart,323.41045367214565,2025-03-08,Los Angeles,True,USD,0
tx798,cust98,Amazon,246.02259119466774,2025-03-09,Chicago,False,USD,0
tx799,cust99,Amazon,206.97716623406083,2025-03-10,Los Angeles,False,USD,0
tx800,cust0,Target,448.05913844004743,2025-03-11,Los Angeles,True,USD,0
tx801,cust1,Amazon,48.06009882669685,2025-03-12,Los Angeles,True,USD,0
tx802,cust2,Amazon,406.32091471040434,2025-03-13,Los Angeles,False,USD,0
tx803,cust3,Target,367.31220640614913,2025-03-14,New York,False,USD,0
tx804,cust4,Walmart,164.140108007304,2025-03-15,New York,False,USD,0
tx805,cust5,Target,314.61057346886156,2025-03-16,New York,False,USD,0
tx806,cust6,Target,194.1606664957054,2025-03-17,Chicago,True,USD,0
tx807,cust7,Target,76.51284532567493,2025-03-18,Chicago,True,USD,0
tx808,cust8,Walmart,203.6456213891967,2025-03-19,Chicago,False,USD,0
tx809,cust9,Amazon,115.32311155251685,2025-03-20,Chicago,True,USD,0
tx810,cust10,Target,235.01965818848507,2025-03-21,New York,False,USD,0
tx811,cust11,Target,24.694985172904843,2025-03-22,New York,True,USD,0
tx812,cust12,Walmart,257.8124143520014,2025-03-23,Chicago,False,USD,1
tx813,cust13,Target,355.95052262377976,2025-03-24,New York,False,USD,0
tx814,cust14,Amazon,15.718793617053082,2025-03-25,New York,False,USD,0
tx815,cust15,Walmart,85.33318939940465,2025-03-26,Los Angeles,True,USD,0
tx816,cust16,Amazon,209.41592047846586,2025-03-27,New York,True,USD,1
tx817,cust17,Target,495.5168360298363,2025-03-28,Los Angeles,True,USD,0
tx818,cust18,Amazon,244.00288601054547,2025-03-29,New York,False,USD,0
tx819,cust19,Walmart,383.4199217680615,2025-03-30,Chicago,False,USD,0
tx820,cust20,Amazon,132.26843560551137,2025-03-31,Los Angeles,False,USD,0
tx821,cust21,Amazon,236.46346443057988,2025-04-01,Chicago,True,USD,0
tx822,cust22,Target,141.32661262869874,2025-04-02,Chicago,True,USD,0
tx823,cust23,Target,312.6209119573024,2025-04-03,Chicago,True,USD,0
tx824,cust24,Amazon,56.5147707133156,2025-04-04,Chicago,False,USD,0
tx825,cust25,Amazon,261.953493448997,2025-04-05,New York,True,USD,0
tx826,cust26,Walmart,64.78223118695851,2025-04-06,New York,True,USD,0
tx827,cust27,Walmart,66.36951974370645,2025-04-07,Chicago,False,USD,0
tx828,cust28,Target,199.02574871269144,2025-04-08,New York,True,USD,0
tx829,cust29,Amazon,338.47064668307036,2025-04-09,New York,True,USD,0
tx830,cust30,Walmart,302.5726630810508,2025-04-10,Los Angeles,False,USD,0
tx831,cust31,Target,88.77475292796414,2025-04-11,New York,True,USD,0
tx832,cust32,Target,176.68342279350432,2025-04-12,New York,False,USD,0
tx833,cust33,Target,495.8811315125736,2025-04-13,Chicago,False,USD,0
tx834,cust34,Amazon,89.69840761406958,2025-04-14,Chicago,False,USD,0
tx835,cust35,Target,461.0128238752043,2025-04-15,Los Angeles,True,USD,0
tx836,cust36,Target,254.31080383993404,2025-04-16,Chicago,True,USD,0
tx837,cust37,Target,34.58460564129898,2025-04-17,New York,False,USD,0
tx838,cust38,Walmart,368.07554775233245,2025-04-18,New York,True,USD,0
tx839,cust39,Walmart,131.51959510062298,2025-04-19,Chicago,True,USD,1
tx840,cust40,Target,369.7631941090838,2025-04-20,New York,False,USD,0
tx841,cust41,Amazon,297.0686009809062,2025-04-21,Chicago,False,USD,0
tx842,cust42,Walmart,74.63798614223387,2025-04-22,New York,False,USD,0
tx843,cust43,Walmart,214.72654932858373,2025-04-23,Chicago,False,USD,0
tx844,cust44,Amazon,403.2583810841623,2025-04-24,New York,True,USD,0
tx845,cust45,Amazon,473.6530317171364,2025-04-25,Chicago,True,USD,0
tx846,cust46,Target,395.4769077856516,2025-04-26,New York,True,USD,0
tx847,cust47,Walmart,365.1799845110114,2025-04-27,Los Angeles,False,USD,0
tx848,cust48,Target,487.92397202297565,2025-04-28,Los Angeles,True,USD,0
tx849,cust49,Amazon,184.94321620660085,2025-04-29,Los Angeles,False,USD,0
tx850,cust50,Target,92.7802206471313,2025-04-30,Chicago,False,USD,0
tx851,cust51,Walmart,227.23524295875902,2025-05-01,Los Angeles,True,USD,0
tx852,cust52,Walmart,431.18579851494144,2025-05-02,Chicago,True,USD,0
tx853,cust53,Amazon,173.46793093171328,2025-05-03,Chicago,True,USD,0
tx854,cust54,Walmart,31.362989274770623,2025-05-04,New York,True,USD,0
tx855,cust55,Walmart,178.76509506718074,2025-05-05,New York,False,USD,0
tx856,cust56,Walmart,443.7803622358134,2025-05-06,Chicago,False,USD,0
tx857,cust57,Target,156.55012772484446,2025-05-07,Los Angeles,True,USD,0
tx858,cust58,Walmart,425.0263990342277,2025-05-08,Chicago,False,USD,0
tx859,cust59,Amazon,468.33749876564593,2025-05-09,New York,False,USD,0
tx860,cust60,Walmart,425.27402723221684,2025-05-10,Los Angeles,True,USD,0
tx861,cust61,Target,327.6628642784181,2025-05-11,New York,True,USD,1
tx862,cust62,Walmart,467.1733801102903,2025-05-12,Chicago,False,USD,0
tx863,cust63,Target,216.25139003002596,2025-05-13,New York,False,USD,0
tx864,cust64,Amazon,319.54842640636605,2025-05-14,New York,False,USD,0
tx865,cust65,Walmart,390.6218497835223,2025-05-15,Chicago,False,USD,0
tx866,cust66,Amazon,120.9415433701301,2025-05-16,New York,False,USD,0
tx867,cust67,Amazon,496.2048270010225,2025-05-17,Los Angeles,True,USD,1
tx868,cust68,Amazon,40.87261215308508,2025-05-18,Chicago,True,USD,0
tx869,cust69,Target,447.3663177811154,2025-05-19,Chicago,True,USD,0
tx870,cust70,Target,453.09390400755984,2025-05-20,New York,False,USD,0
tx871,cust71,Walmart,307.9818840521953,2025-05-21,New York,True,USD,1
tx872,cust72,Target,347.04123098852546,2025-05-22,Los Angeles,False,USD,0
tx873,cust73,Amazon,404.1253167338822,2025-05-23,New York,True,USD,0
tx874,cust74,Target,290.73128789459366,2025-05-24,Chicago,True,USD,0
tx875,cust75,Walmart,217.02583143731027,2025-05-25,New York,False,USD,0
tx876,cust76,Target,210.43596706307443,2025-05-26,New York,True,USD,0
tx877,cust77,Amazon,52.700265239196426,2025-05-27,Los Angeles,True,USD,0
tx878,cust78,Amazon,191.3264343863562,2025-05-28,Los Angeles,False,USD,0
tx879,cust79,Target,187.24281046205093,2025-05-29,Los Angeles,True,USD,0
tx880,cust80,Walmart,230.27927925811943,2025-05-30,Los Angeles,True,USD,1
tx881,cust81,Walmart,310.45231872961534,2025-05-31,New York,True,USD,0
tx882,cust82,Amazon,452.4717818820805,2025-06-01,New York,False,USD,0
tx883,cust83,Target,213.9693577372085,2025-06-02,New York,True,USD,0
tx884,cust84,Target,354.74205859209513,2025-06-03,Los Angeles,False,USD,0
tx885,cust85,Target,396.76692456037034,2025-06-04,Los Angeles,False,USD,0
tx886,cust86,Target,391.8570032753729,2025-06-05,Chicago,True,USD,0
tx887,cust87,Amazon,151.16490939795617,2025-06-06,New York,False,USD,0
tx888,cust88,Amazon,306.8276853811032,2025-06-07,New York,False,USD,0
tx889,cust89,Target,366.96497795822586,2025-06-08,Los Angeles,False,USD,0
tx890,cust90,Amazon,271.30845272637544,2025-06-09,Chicago,False,USD,0
tx891,cust91,Target,172.91022196696,2025-06-10,New York,True,USD,0
tx892,cust92,Amazon,440.41481204066656,2025-06-11,New York,True,USD,0
tx893,cust93,Walmart,231.2041918534869,2025-06-12,New York,False,USD,0
tx894,cust94,Target,403.4175007542,2025-06-13,Los Angeles,True,USD,0
tx895,cust95,Amazon,19.8932701890144,2025-06-14,New York,False,USD,0
tx896,cust96,Walmart,405.1538479888639,2025-06-15,Los Angeles,True,USD,0
tx897,cust97,Target,130.64894591130843,2025-06-16,New York,True,USD,0
tx898,cust98,Target,316.7444989805793,2025-06-17,New York,False,USD,0
tx899,cust99,Amazon,301.57924939378864,2025-06-18,Los Angeles,False,USD,0
tx900,cust0,Walmart,447.8869139664667,2025-06-19,New York,False,USD,0
tx901,cust1,Amazon,340.7323242435178,2025-06-20,Chicago,False,USD,0
tx902,cust2,Walmart,157.57717705851437,2025-06-21,Los Angeles,False,USD,0
tx903,cust3,Walmart,362.7305468885092,2025-06-22,New York,True,USD,0
tx904,cust4,Amazon,338.41593128464547,2025-06-23,Los Angeles,False,USD,0
tx905,cust5,Amazon,264.72546878715724,2025-06-24,Chicago,True,USD,0
tx906,cust6,Amazon,418.13427986487824,2025-06-25,New York,True,USD,0
tx907,cust7,Target,369.86125736597006,2025-06-26,Los Angeles,True,USD,0
tx908,cust8,Amazon,451.2422708956639,2025-06-27,New York,True,USD,0
tx909,cust9,Walmart,369.8794587110244,2025-06-28,Chicago,True,USD,0
tx910,cust10,Target,90.11987902368516,2025-06-29,New York,True,USD,0
tx911,cust11,Amazon,308.4799404919392,2025-06-30,New York,True,USD,0
tx912,cust12,Target,189.1684712291089,2025-07-01,Chicago,False,USD,0
tx913,cust13,Target,337.3911705519614,2025-07-02,Chicago,True,USD,0
tx914,cust14,Walmart,48.04026069425088,2025-07-03,Los Angeles,False,USD,0
tx915,cust15,Walmart,377.6458804702754,2025-07-04,Los Angeles,True,USD,0
tx916,cust16,Amazon,41.34006926038144,2025-07-05,Los Angeles,True,USD,0
tx917,cust17,Amazon,276.3072630116189,2025-07-06,Chicago,True,USD,0
tx918,cust18,Amazon,200.97263558497934,2025-07-07,New York,False,USD,0
tx919,cust19,Walmart,320.77999353558874,2025-07-08,Chicago,True,USD,0
tx920,cust20,Amazon,121.16364801840032,2025-07-09,Los Angeles,True,USD,0
tx921,cust21,Amazon,373.80925718622166,2025-07-10,Los Angeles,True,USD,0
tx922,cust22,Walmart,361.51109335624403,2025-07-11,Chicago,True,USD,0
tx923,cust23,Amazon,47.57762026715872,2025-07-12,New York,False,USD,0
tx924,cust24,Amazon,265.12069552189143,2025-07-13,Chicago,False,USD,0
tx925,cust25,Target,45.59609920326189,2025-07-14,Chicago,False,USD,1
tx926,cust26,Amazon,264.52950269114115,2025-07-15,Chicago,False,USD,0
tx927,cust27,Walmart,452.67207639327273,2025-07-16,New York,False,USD,0
tx928,cust28,Amazon,103.76437052551326,2025-07-17,Los Angeles,False,USD,0
tx929,cust29,Walmart,44.66146487040445,2025-07-18,New York,True,USD,0
tx930,cust30,Walmart,215.14156514738656,2025-07-19,Chicago,True,USD,0
tx931,cust31,Target,158.28450675730707,2025-07-20,Los Angeles,False,USD,0
tx932,cust32,Target,222.9037691402251,2025-07-21,New York,False,USD,0
tx933,cust33,Walmart,290.05595561292137,2025-07-22,Chicago,False,USD,0
tx934,cust34,Walmart,267.56282504332313,2025-07-23,Chicago,True,USD,0
tx935,cust35,Walmart,307.1425784941568,2025-07-24,Chicago,True,USD,0
tx936,cust36,Walmart,66.7877378175909,2025-07-25,Los Angeles,True,USD,0
tx937,cust37,Walmart,394.3169391375068,2025-07-26,Los Angeles,True,USD,0
tx938,cust38,Amazon,358.4602700834552,2025-07-27,New York,False,USD,0
tx939,cust39,Walmart,160.17833621325047,2025-07-28,Chicago,True,USD,0
tx940,cust40,Target,252.3898754756151,2025-07-29,Los Angeles,True,USD,0
tx941,cust41,Amazon,372.44944738945674,2025-07-30,New York,True,USD,0
tx942,cust42,Target,126.35049835273453,2025-07-31,Los Angeles,True,USD,0
tx943,cust43,Amazon,60.70555156397592,2025-08-01,Chicago,False,USD,0
tx944,cust44,Amazon,409.1365641113633,2025-08-02,Los Angeles,True,USD,1
tx945,cust45,Target,242.92684350640127,2025-08-03,Chicago,False,USD,0
tx946,cust46,Target,256.0817824753407,2025-08-04,Chicago,False,USD,0
tx947,cust47,Target,342.7908235151661,2025-08-05,Los Angeles,False,USD,0
tx948,cust48,Walmart,56.272683867759945,2025-08-06,Chicago,False,USD,0
tx949,cust49,Walmart,368.6251261860124,2025-08-07,New York,False,USD,0
tx950,cust50,Amazon,67.63862045227663,2025-08-08,Chicago,True,USD,0
tx951,cust51,Amazon,89.17672185458031,2025-08-09,Los Angeles,False,USD,0
tx952,cust52,Target,196.90218276507457,2025-08-10,Chicago,True,USD,0
tx953,cust53,Walmart,218.2763387199123,2025-08-11,New York,True,USD,0
tx954,cust54,Amazon,482.84865694797764,2025-08-12,New York,False,USD,0
tx955,cust55,Walmart,116.4609057000445,2025-08-13,Los Angeles,False,USD,0
tx956,cust56,Target,455.5524238440755,2025-08-14,Los Angeles,False,USD,0
tx957,cust57,Target,355.897484047806,2025-08-15,New York,True,USD,0
tx958,cust58,Amazon,368.3873945578457,2025-08-16,Los Angeles,True,USD,0
tx959,cust59,Amazon,82.34003853978484,2025-08-17,Los Angeles,True,USD,0
tx960,cust60,Target,320.6163637457706,2025-08-18,Chicago,True,USD,0
tx961,cust61,Target,217.83091438894107,2025-08-19,New York,True,USD,0
tx962,cust62,Target,464.35003097756345,2025-08-20,Los Angeles,True,USD,0
tx963,cust63,Amazon,492.35504750324577,2025-08-21,Chicago,True,USD,0
tx964,cust64,Walmart,288.9315993869691,2025-08-22,Chicago,True,USD,0
tx965,cust65,Target,349.81823286357786,2025-08-23,New York,True,USD,0
tx966,cust66,Target,255.9445643376978,2025-08-24,New York,False,USD,0
tx967,cust67,Amazon,240.88508501930968,2025-08-25,Los Angeles,True,USD,0
tx968,cust68,Target,184.98015705559084,2025-08-26,Los Angeles,True,USD,0
tx969,cust69,Walmart,349.4953612488158,2025-08-27,Los Angeles,False,USD,0
tx970,cust70,Walmart,317.08843843005917,2025-08-28,New York,True,USD,0
tx971,cust71,Target,357.6431066993573,2025-08-29,Chicago,True,USD,0
tx972,cust72,Target,442.141970101295,2025-08-30,New York,True,USD,0
tx973,cust73,Amazon,268.81588831664703,2025-08-31,Chicago,True,USD,0
tx974,cust74,Amazon,78.15770746157109,2025-09-01,Los Angeles,True,USD,0
tx975,cust75,Walmart,342.5277574732193,2025-09-02,Los Angeles,True,USD,0
tx976,cust76,Walmart,188.03271560293155,2025-09-03,New York,False,USD,0
tx977,cust77,Target,98.15019326326949,2025-09-04,Los Angeles,False,USD,0
tx978,cust78,Target,417.27695479598253,2025-09-05,Los Angeles,False,USD,0
tx979,cust79,Walmart,243.24991807796806,2025-09-06,New York,False,USD,0
tx980,cust80,Walmart,310.96486167419073,2025-09-07,New York,False,USD,0
tx981,cust81,Walmart,166.30553052225167,2025-09-08,Chicago,True,USD,0
tx982,cust82,Target,402.7668307400155,2025-09-09,Chicago,True,USD,0
tx983,cust83,Target,95.03469114622656,2025-09-10,Chicago,False,USD,0
tx984,cust84,Walmart,344.29633096574474,2025-09-11,New York,False,USD,0
tx985,cust85,Amazon,167.1638891864957,2025-09-12,New York,False,USD,0
tx986,cust86,Amazon,335.8884712053247,2025-09-13,New York,True,USD,1
tx987,cust87,Walmart,279.1193344254439,2025-09-14,New York,False,USD,0
tx988,cust88,Target,335.6842854964886,2025-09-15,Los Angeles,False,USD,0
tx989,cust89,Target,363.76226200912316,2025-09-16,New York,True,USD,0
tx990,cust90,Walmart,397.88096250912207,2025-09-17,New York,False,USD,0
tx991,cust91,Amazon,21.770884878298318,2025-09-18,Los Angeles,True,USD,0
tx992,cust92,Target,45.71986242011285,2025-09-19,Los Angeles,True,USD,0
tx993,cust93,Target,93.89752328465025,2025-09-20,Los Angeles,False,USD,0
tx994,cust94,Amazon,369.0616520632406,2025-09-21,Chicago,False,USD,0
tx995,cust95,Walmart,489.6402450550686,2025-09-22,Chicago,True,USD,0
tx996,cust96,Walmart,480.1391139811872,2025-09-23,New York,True,USD,0
tx997,cust97,Amazon,41.874023629765944,2025-09-24,Chicago,True,USD,0
tx998,cust98,Walmart,472.88545751539,2025-09-25,Los Angeles,False,USD,0
tx999,cust99,Amazon,172.47293363269304,2025-09-26,Chicago,False,USD,0
